[
    {
        "url": "https://user-images.githubusercontent.com/2181866/109413195-7c333a80-79ac-11eb-811a-e1c75268df83.png",
        "filename": "00000",
        "type": "image/png"
    },
    {
        "url": "https://user-images.githubusercontent.com/2181866/99362118-5bd6e880-28b3-11eb-8101-1a50ff5d99d6.gif",
        "filename": "00001",
        "type": "image/gif"
    },
    {
        "url": "https://user-images.githubusercontent.com/2181866/99362119-5bd6e880-28b3-11eb-8df9-ebdf5107324c.gif",
        "filename": "00002",
        "type": "image/gif"
    },
    {
        "url": "https://user-images.githubusercontent.com/2181866/99362104-58dbf800-28b3-11eb-9324-24ce6d72b18e.gif",
        "filename": "00003",
        "type": "image/gif"
    },
    {
        "url": "https://user-images.githubusercontent.com/2181866/99362108-5a0d2500-28b3-11eb-9bb9-160e80dd463e.gif",
        "filename": "00004",
        "type": "image/gif"
    },
    {
        "url": "https://user-images.githubusercontent.com/2181866/99362109-5a0d2500-28b3-11eb-96d0-066ee33c02de.gif",
        "filename": "00005",
        "type": "image/gif"
    },
    {
        "url": "https://user-images.githubusercontent.com/2181866/99362110-5a0d2500-28b3-11eb-9437-e9f951f40218.gif",
        "filename": "00006",
        "type": "image/gif"
    },
    {
        "url": "https://user-images.githubusercontent.com/2181866/99362111-5aa5bb80-28b3-11eb-85cd-e5a793461970.gif",
        "filename": "00007",
        "type": "image/gif"
    },
    {
        "url": "https://user-images.githubusercontent.com/2181866/99362112-5aa5bb80-28b3-11eb-9240-9e8a2ae76cf5.gif",
        "filename": "00008",
        "type": "image/gif"
    },
    {
        "url": "https://user-images.githubusercontent.com/2181866/99362115-5b3e5200-28b3-11eb-8904-4818ddc68562.gif",
        "filename": "00009",
        "type": "image/gif"
    },
    {
        "url": "https://user-images.githubusercontent.com/2181866/99362116-5b3e5200-28b3-11eb-9363-7063c586e085.gif",
        "filename": "00010",
        "type": "image/gif"
    },
    {
        "url": "https://user-images.githubusercontent.com/2181866/99362117-5b3e5200-28b3-11eb-9011-80865b220d08.gif",
        "filename": "00011",
        "type": "image/gif"
    },
    {
        "url": "https://user-images.githubusercontent.com/2181866/99418795-aaa87080-28fb-11eb-8c81-450250a77a0b.png",
        "filename": "00012",
        "type": "image/png"
    }
]