[
    {
        "url": "../../documents/qsqm2kNuJQw/data",
        "filename": "00000",
        "type": "image/png"
    },
    {
        "url": "../../documents/WQzcwFyNVMp/data",
        "filename": "00001",
        "type": "video/mp4"
    },
    {
        "url": "../../documents/CsSyXKLcUsa/data",
        "filename": "00002",
        "type": "video/mp4"
    },
    {
        "url": "../../documents/m2kfYAkdKyN/data",
        "filename": "00003",
        "type": "video/mp4"
    },
    {
        "url": "../../documents/qcm6S9U7JEX/data",
        "filename": "00004",
        "type": "video/mp4"
    },
    {
        "url": "../../documents/CaIbyioPAAI/data",
        "filename": "00005",
        "type": "video/mp4"
    },
    {
        "url": "../../documents/Ci81NejVqxv/data",
        "filename": "00006",
        "type": "video/mp4"
    },
    {
        "url": "../../documents/OI8XPy7QEjq/data",
        "filename": "00007",
        "type": "video/mp4"
    },
    {
        "url": "../../documents/KYq8mZxTfmw/data",
        "filename": "00008",
        "type": "video/mp4"
    },
    {
        "url": "../../documents/yEQJh0zelyk/data",
        "filename": "00009",
        "type": "video/mp4"
    },
    {
        "url": "../../documents/SKeiRK1If1n/data",
        "filename": "00010",
        "type": "video/mp4"
    },
    {
        "url": "../../documents/u4GQcpyK7oJ/data",
        "filename": "00011",
        "type": "video/mp4"
    },
    {
        "url": "../../documents/CwuoE0G93aF/data",
        "filename": "00012",
        "type": "video/mp4"
    },
    {
        "url": "../../documents/qiyQXgx4B5a/data",
        "filename": "00013",
        "type": "video/mp4"
    },
    {
        "url": "../../documents/iOQVODzSfGG/data",
        "filename": "00014",
        "type": "image/png"
    }
]