[
    {
        "url": "../../documents/q8YCB9aN7m8/data",
        "filename": "00000",
        "type": "image/png"
    },
    {
        "url": "../../documents/yqAzUfLS2SF/data",
        "filename": "00001",
        "type": "video/mp4"
    },
    {
        "url": "../../documents/aeW4KMsAF94/data",
        "filename": "00002",
        "type": "video/mp4"
    },
    {
        "url": "../../documents/WaOiskDB205/data",
        "filename": "00003",
        "type": "video/mp4"
    },
    {
        "url": "../../documents/SIm3roELsBX/data",
        "filename": "00004",
        "type": "video/mp4"
    },
    {
        "url": "../../documents/im0yR4TkfkJ/data",
        "filename": "00005",
        "type": "video/mp4"
    },
    {
        "url": "../../documents/KmWsNE5yesl/data",
        "filename": "00006",
        "type": "video/mp4"
    },
    {
        "url": "../../documents/eqIh5Ekb5LD/data",
        "filename": "00007",
        "type": "video/mp4"
    },
    {
        "url": "../../documents/a43FFx2sIBA/data",
        "filename": "00008",
        "type": "video/mp4"
    },
    {
        "url": "../../documents/ug9ZBA9K9vC/data",
        "filename": "00009",
        "type": "video/mp4"
    },
    {
        "url": "../../documents/mi4em1bEoGC/data",
        "filename": "00010",
        "type": "video/mp4"
    },
    {
        "url": "../../documents/ees5ov3JH9m/data",
        "filename": "00011",
        "type": "video/mp4"
    },
    {
        "url": "../../documents/uWwnX5w6LZe/data",
        "filename": "00012",
        "type": "video/mp4"
    },
    {
        "url": "../../documents/a0s9f2O93n1/data",
        "filename": "00013",
        "type": "image/png"
    }
]